{"id":"156a98a2-d5f7-4265-b7dd-871af3ffa42a","alias":"FlxLearningWebPart","componentType":"WebPart","version":"0.0.1","manifestVersion":2,"requiresCustomScript":false,"supportedHosts":["SharePointWebPart"],"preconfiguredEntries":[{"groupId":"5c03119e-3074-46fd-976b-c60198311f70","group":{"default":"Other"},"title":{"default":"FlxLearning"},"description":{"default":"FlxLearning description"},"officeFabricIconFontName":"Page","properties":{"description":"FlxLearning"}}],"loaderConfig":{"entryModuleId":"flx-learning-web-part","internalModuleBaseUrls":["<!-- PATH TO CDN -->/"],"scriptResources":{"flx-learning-web-part":{"type":"path","path":"flx-learning-web-part_39fee7efc41d25c1cab300ac70584fe2.js"},"FlxLearningWebPartStrings":{"defaultPath":"flxlearning-flxlearningwebpartstrings_en-us_536e65149b0acf4d52c0043073b9fc59.js","type":"localizedPath","paths":{}},"@microsoft/sp-property-pane":{"type":"component","version":"1.11.0","id":"f9e737b7-f0df-4597-ba8c-3060f82380db"},"@microsoft/sp-core-library":{"type":"component","version":"1.11.0","id":"7263c7d0-1d6a-45ec-8d85-d4d1d234171b"},"@microsoft/sp-webpart-base":{"type":"component","version":"1.11.0","id":"974a7777-0990-4136-8fa6-95d80114c2e0"}}}}